{"TX":0,"PAA_TX":0,"RX":1,"PAA_RX":0,"Rorder":0,"MPC":[[0,0,2.5,1.113586723,-6.015413239,1.6]]}
{"TX":0,"PAA_TX":0,"RX":1,"PAA_RX":0,"Rorder":1,"MPC":[[[1.113586723,-6.015413239,1.6,-11.054433767083678,44.212760380707529,2.0782584646929982,0,0,2.5],[1.113586723,-6.015413239,1.6,7.6621206786891936,-28.5753278130196,1.998335652705775,0,0,2.5],[1.113586723,-6.015413239,1.6,84.7604606889964,19.439482859117597,2.0512209920581226,0,0,2.5],[1.113586723,-6.015413239,1.6,0.85156631758823531,-4.6000218886470581,1.2,0,0,2.5]]]}
