{"Node":0,"Position":[[0,0,2.5]],"Rotation":[[0,0,0]]}
{"Node":1,"Position":[[1.113586723,-6.015413239,1.6]],"Rotation":[[0,0,0]]}
