{"TX":0,"RX":1,"PAA_TX":0,"PAA_RX":0,"Delay":[[1.0707506E-7,1.08313131E-7,1.0741708E-7,1.08651257E-7]],"Gain":[[-98.1409912,-102.23494,-129.091797,-132.407028]],"Phase":[[0,3.14159274,3.14159274,6.28318548]],"AODEL":[[94.4636765,99.7449341,94.4494324,99.7143097]],"AODAZ":[[21.5141659,21.5141659,156.522049,156.522049]],"AOAEL":[[85.5363235,99.7449341,85.5505676,99.7143097]],"AOAAZ":[[201.51416,201.51416,201.438034,201.438034]]}
{"TX":1,"RX":0,"PAA_TX":0,"PAA_RX":0,"Delay":[[1.0707506E-7,1.08313131E-7,1.0741708E-7,1.08651257E-7]],"Gain":[[-98.1409912,-102.23494,-129.091797,-132.407028]],"Phase":[[0,3.14159274,3.14159274,6.28318548]],"AODEL":[[85.5363235,99.7449341,85.5505676,99.7143097]],"AODAZ":[[201.51416,201.51416,201.438034,201.438034]],"AOAEL":[[94.4636765,99.7449341,94.4494324,99.7143097]],"AOAAZ":[[21.5141659,21.5141659,156.522049,156.522049]]}
