{"TX":0,"RX":1,"PAA_TX":0,"PAA_RX":0,"Delay":[[1.39377985E-8,2.71762968E-8,2.06017E-8,2.32145E-8,3.2912034E-8,3.11242481E-8,3.01467686E-8,5.51262964E-8]],"Gain":[[-80.4311066,-111.664856,-120.723022,-123.298706,-123.303329,-122.896744,-174.143021,-200.430893]],"Phase":[[0,3.14159274,3.14159274,3.14159274,6.28318548,6.28318548,6.28318548,6.28318548]],"AODEL":[[90,149.145081,90,90,135.142181,138.553696,90,90]],"AODAZ":[[13.8368387,13.8368387,5.58478546,153.270111,153.270111,5.58478546,156.553207,355.82785]],"AOAEL":[[90,149.145081,90,90,135.142181,138.553696,90,90]],"AOAAZ":[[193.836838,193.836838,332.835907,183.291946,183.291946,332.835907,338.411835,174.002991]]}
{"TX":1,"RX":0,"PAA_TX":0,"PAA_RX":0,"Delay":[[1.39377985E-8,2.71762968E-8,2.06017E-8,2.32145E-8,3.2912034E-8,3.11242481E-8,3.01467686E-8,5.51262964E-8]],"Gain":[[-80.4311066,-111.664856,-120.723022,-123.298706,-123.303329,-122.896744,-174.143021,-200.430893]],"Phase":[[0,3.14159274,3.14159274,3.14159274,6.28318548,6.28318548,6.28318548,6.28318548]],"AODEL":[[90,149.145081,90,90,135.142181,138.553696,90,90]],"AODAZ":[[193.836838,193.836838,332.835907,183.291946,183.291946,332.835907,338.411835,174.002991]],"AOAEL":[[90,149.145081,90,90,135.142181,138.553696,90,90]],"AOAAZ":[[13.8368387,13.8368387,5.58478546,153.270111,153.270111,5.58478546,156.553207,355.82785]]}
