{"TX":0,"RX":1,"PAA_TX":0,"PAA_RX":0,"Delay":[[0.000106750289]],"Gain":[[-158.114609]],"Phase":[[0]],"AODEL":[[90.0044708]],"AODAZ":[[21.5141659]],"AOAEL":[[89.9955292]],"AOAAZ":[[201.51416]]}
{"TX":1,"RX":0,"PAA_TX":0,"PAA_RX":0,"Delay":[[0.000106750289]],"Gain":[[-158.114609]],"Phase":[[0]],"AODEL":[[89.9955292]],"AODAZ":[[201.51416]],"AOAEL":[[90.0044708]],"AOAAZ":[[21.5141659]]}
