{"TX":0,"PAA_TX":0,"RX":1,"PAA_RX":0,"Rorder":0,"MPC":[[283.27,178.2,4,287.33,179.2,4]]}
{"TX":0,"PAA_TX":0,"RX":1,"PAA_RX":0,"Rorder":1,"MPC":[[[287.33,179.2,4,285.29999999999995,178.7,0.50049999999999972,283.27,178.2,4],[287.33,179.2,4,288.31703724204056,178.69351326312193,4,283.27,178.2,4],[287.33,179.2,4,281.90402780464336,178.88790558112419,4,283.27,178.2,4]]]}
{"TX":0,"PAA_TX":0,"RX":1,"PAA_RX":0,"Rorder":2,"MPC":[[[287.33,179.2,4,283.85357087788032,179.0000406033117,0.50049999999999972,281.90402780464336,178.88790558112419,2.4629809668585638,283.27,178.2,4],[287.33,179.2,4,288.31703724204056,178.6935132631219,2.7436796770493004,286.34558628058392,178.50073933449522,0.50049999999999972,283.27,178.2,4],[287.33,179.2,4,288.33758064051329,178.80131123491569,4,281.88585827843247,178.80031432995176,4,283.27,178.2,4],[287.33,179.2,4,282.08310449951244,179.75119456165743,4,288.15482807508027,177.84366729680715,4,283.27,178.2,4]]]}
