{"TX":0,"PAA_TX":0,"RX":1,"PAA_RX":0,"Rorder":0,"MPC":[[-17.0568,75.574,4,12.737,87.3186,1.5]]}
{"TX":0,"PAA_TX":0,"RX":1,"PAA_RX":0,"Rorder":1,"MPC":[[[12.737,87.3186,1.5,4.6114181818181841,84.115527272727277,0,-17.0568,75.574,4],[12.737,87.3186,1.5,-17.112077833944046,75.598010203524751,3.9953103881398118,-17.0568,75.574,4]]]}
{"TX":0,"PAA_TX":0,"RX":1,"PAA_RX":0,"Rorder":2,"MPC":[[12.737,87.3186,1.5,4.5810431000406595,84.116068057339831,0,-17.112077833944046,75.598010203524751,3.9896828539075866,-17.0568,75.574,4]]}
