{"TX":0,"PAA_TX":0,"RX":1,"PAA_RX":0,"Rorder":0,"MPC":[[8,8,2.5,1.3166597203455,3.67933282566522,1.6]]}
{"TX":0,"PAA_TX":0,"RX":1,"PAA_RX":0,"Rorder":1,"MPC":[[[1.3166597203455,3.67933282566522,1.6,3.4221081772973019,0,1.883526430193164,8,8,2.5],[1.3166597203455,3.67933282566522,1.6,10,7.1911392764371413,2.3315133700807094,8,8,2.5],[1.3166597203455,3.67933282566522,1.6,0,4.2899431306699674,1.7271908370468,8,8,2.5],[1.3166597203455,3.67933282566522,1.6,3.9247925124057934,5.365446844917817,0,8,8,2.5],[1.3166597203455,3.67933282566522,1.6,5.2068814749541943,19,2.1238697167352405,8,8,2.5],[1.3166597203455,3.67933282566522,1.6,6.241226242196185,6.8629823225434787,3,8,8,2.5]]]}
{"TX":0,"PAA_TX":0,"RX":1,"PAA_RX":0,"Rorder":2,"MPC":[[[1.3166597203455,3.67933282566522,1.6,3.4221081772973028,0,0.30837959578669794,3.9247925124057934,0.87845559410657392,0,8,8,2.5],[1.3166597203455,3.67933282566522,1.6,2.0467879982217312,0,1.6983214115386294,5.8171555993479682,19,2.206051184230831,8,8,2.5],[1.3166597203455,3.67933282566522,1.6,4.6822256448224753,-4.4408920985006262E-16,1.883526430193164,10,5.8135428583310205,2.3315133700807094,8,8,2.5],[1.3166597203455,3.67933282566522,1.6,3.4221081772973019,0,2.1985557970744569,6.241226242196185,4.9264913616670487,3,8,8,2.5],[1.3166597203455,3.67933282566522,1.6,10,5.0853720590099574,1.8928796083917514,0,6.7046098040044253,2.2301687148407785,8,8,2.5],[1.3166597203455,3.67933282566522,1.6,0,2.028772694282412,1.7271908370468,1.6183616928033897,0,1.883526430193164,8,8,2.5],[1.3166597203455,3.67933282566522,1.6,0,4.1065306780496327,1.6889858097448034,10,7.3510884463416053,2.3648309682908009,8,8,2.5],[1.3166597203455,3.67933282566522,1.6,0,4.2899431306699674,1.0205750756756888,2.3191099266185979,5.365446844917817,0,8,8,2.5],[1.3166597203455,3.67933282566522,1.6,0,7.3990524807028564,1.7271908370468,4.1063579336723013,19,2.1238697167352405,8,8,2.5],[1.3166597203455,3.67933282566522,1.6,0,4.2899431306699674,1.8685139893210223,5.5482474420143424,6.8629823225434787,3,8,8,2.5],[1.3166597203455,3.67933282566522,1.6,3.9247925124057925,13.950812698576355,0,5.2068814749541943,19,0.78651759846053926,8,8,2.5],[1.3166597203455,3.67933282566522,1.6,5.4857681221618915,5.365446844917817,0,10,7.1911392764371413,1.7324497970343415,8,8,2.5],[1.3166597203455,3.67933282566522,1.6,3.4133939257273038,5.0348362529075033,0,7.3447705608181861,7.5764051789867857,3,8,8,2.5],[1.3166597203455,3.67933282566522,1.6,3.7361213894069971,19,1.9258124547068425,6.7366285598242959,0,2.3298703569501757,8,8,2.5],[1.3166597203455,3.67933282566522,1.6,7.5351913271108195,19,2.1238697167352405,10,12.927422788256631,2.3315133700807094,8,8,2.5],[1.3166597203455,3.67933282566522,1.6,5.2068814749541952,19,2.7059471797743964,6.241226242196185,14.926491361667047,3,8,8,2.5],[1.3166597203455,3.67933282566522,1.6,9.188594663248816,6.8629823225434787,3,10,7.1911392764371413,2.8556939964962806,8,8,2.5],[1.3166597203455,3.67933282566522,1.6,2.6726997770869927,4.5559899335012624,3,5.578499898675906,6.43454087886421,0,8,8,2.5]]]}
{"TX":0,"PAA_TX":0,"RX":2,"PAA_RX":0,"Rorder":0,"MPC":[[8,8,2.5,1.3166597203455,3.67933282566522,1.6]]}
{"TX":0,"PAA_TX":0,"RX":2,"PAA_RX":0,"Rorder":1,"MPC":[[[1.3166597203455,3.67933282566522,1.6,3.4221081772973019,0,1.883526430193164,8,8,2.5],[1.3166597203455,3.67933282566522,1.6,10,7.1911392764371413,2.3315133700807094,8,8,2.5],[1.3166597203455,3.67933282566522,1.6,0,4.2899431306699674,1.7271908370468,8,8,2.5],[1.3166597203455,3.67933282566522,1.6,3.9247925124057934,5.365446844917817,0,8,8,2.5],[1.3166597203455,3.67933282566522,1.6,5.2068814749541943,19,2.1238697167352405,8,8,2.5],[1.3166597203455,3.67933282566522,1.6,6.241226242196185,6.8629823225434787,3,8,8,2.5]]]}
{"TX":0,"PAA_TX":0,"RX":2,"PAA_RX":0,"Rorder":2,"MPC":[[[1.3166597203455,3.67933282566522,1.6,3.4221081772973028,0,0.30837959578669794,3.9247925124057934,0.87845559410657392,0,8,8,2.5],[1.3166597203455,3.67933282566522,1.6,2.0467879982217312,0,1.6983214115386294,5.8171555993479682,19,2.206051184230831,8,8,2.5],[1.3166597203455,3.67933282566522,1.6,4.6822256448224753,-4.4408920985006262E-16,1.883526430193164,10,5.8135428583310205,2.3315133700807094,8,8,2.5],[1.3166597203455,3.67933282566522,1.6,3.4221081772973019,0,2.1985557970744569,6.241226242196185,4.9264913616670487,3,8,8,2.5],[1.3166597203455,3.67933282566522,1.6,10,5.0853720590099574,1.8928796083917514,0,6.7046098040044253,2.2301687148407785,8,8,2.5],[1.3166597203455,3.67933282566522,1.6,0,2.028772694282412,1.7271908370468,1.6183616928033897,0,1.883526430193164,8,8,2.5],[1.3166597203455,3.67933282566522,1.6,0,4.1065306780496327,1.6889858097448034,10,7.3510884463416053,2.3648309682908009,8,8,2.5],[1.3166597203455,3.67933282566522,1.6,0,4.2899431306699674,1.0205750756756888,2.3191099266185979,5.365446844917817,0,8,8,2.5],[1.3166597203455,3.67933282566522,1.6,0,7.3990524807028564,1.7271908370468,4.1063579336723013,19,2.1238697167352405,8,8,2.5],[1.3166597203455,3.67933282566522,1.6,0,4.2899431306699674,1.8685139893210223,5.5482474420143424,6.8629823225434787,3,8,8,2.5],[1.3166597203455,3.67933282566522,1.6,3.9247925124057925,13.950812698576355,0,5.2068814749541943,19,0.78651759846053926,8,8,2.5],[1.3166597203455,3.67933282566522,1.6,5.4857681221618915,5.365446844917817,0,10,7.1911392764371413,1.7324497970343415,8,8,2.5],[1.3166597203455,3.67933282566522,1.6,3.4133939257273038,5.0348362529075033,0,7.3447705608181861,7.5764051789867857,3,8,8,2.5],[1.3166597203455,3.67933282566522,1.6,3.7361213894069971,19,1.9258124547068425,6.7366285598242959,0,2.3298703569501757,8,8,2.5],[1.3166597203455,3.67933282566522,1.6,7.5351913271108195,19,2.1238697167352405,10,12.927422788256631,2.3315133700807094,8,8,2.5],[1.3166597203455,3.67933282566522,1.6,5.2068814749541952,19,2.7059471797743964,6.241226242196185,14.926491361667047,3,8,8,2.5],[1.3166597203455,3.67933282566522,1.6,9.188594663248816,6.8629823225434787,3,10,7.1911392764371413,2.8556939964962806,8,8,2.5],[1.3166597203455,3.67933282566522,1.6,2.6726997770869927,4.5559899335012624,3,5.578499898675906,6.43454087886421,0,8,8,2.5]]]}
{"TX":1,"PAA_TX":0,"RX":2,"PAA_RX":0,"Rorder":0,"MPC":[[1.3166597203455,3.67933282566522,1.6,1.3166597203455,3.67933282566522,1.6]]}
{"TX":1,"PAA_TX":0,"RX":2,"PAA_RX":0,"Rorder":1,"MPC":[[[1.3166597203455,3.67933282566522,1.6,1.3166597203455,0,1.6,1.3166597203455,3.67933282566522,1.6],[1.3166597203455,3.67933282566522,1.6,10,3.67933282566522,1.6,1.3166597203455,3.67933282566522,1.6],[1.3166597203455,3.67933282566522,1.6,0,3.67933282566522,1.6,1.3166597203455,3.67933282566522,1.6],[1.3166597203455,3.67933282566522,1.6,1.3166597203455,3.67933282566522,0,1.3166597203455,3.67933282566522,1.6],[1.3166597203455,3.67933282566522,1.6,1.3166597203455,19,1.6,1.3166597203455,3.67933282566522,1.6],[1.3166597203455,3.67933282566522,1.6,1.3166597203455,3.67933282566522,3,1.3166597203455,3.67933282566522,1.6]]]}
{"TX":1,"PAA_TX":0,"RX":2,"PAA_RX":0,"Rorder":2,"MPC":[[[1.3166597203455,3.67933282566522,1.6,1.3166597203455,0,1.6,1.3166597203455,19,1.6,1.3166597203455,3.67933282566522,1.6],[1.3166597203455,3.67933282566522,1.6,10,3.67933282566522,1.6,0,3.67933282566522,1.6,1.3166597203455,3.67933282566522,1.6],[1.3166597203455,3.67933282566522,1.6,0,3.67933282566522,1.6,10.000000000000002,3.67933282566522,1.6,1.3166597203455,3.67933282566522,1.6],[1.3166597203455,3.67933282566522,1.6,1.3166597203455,3.67933282566522,0,1.3166597203455,3.67933282566522,3,1.3166597203455,3.67933282566522,1.6],[1.3166597203455,3.67933282566522,1.6,1.3166597203455,19,1.6,1.3166597203455,0,1.6,1.3166597203455,3.67933282566522,1.6],[1.3166597203455,3.67933282566522,1.6,1.3166597203455,3.67933282566522,3,1.3166597203455,3.67933282566522,0,1.3166597203455,3.67933282566522,1.6]]]}
