{"Node":0,"PAA":0,"Centroid":0,"Orientation":[0,0,0],"Position":[[8,8,2.5],[7.9,7.9,2.5],[7.8,7.8,2.5],[7.7,7.7,2.5],[7.6,7.6,2.5]]}
{"Node":1,"PAA":0,"Centroid":0,"Orientation":[0,0,0],"Position":[[4.2434886133032,2.86477904519505,1.6],[4.2434886133032,2.86477904519505,1.6],[4.2434886133032,2.86477904519505,1.6],[4.2434886133032,2.86477904519505,1.6],[4.2434886133032,2.86477904519505,1.6]]}
{"Node":2,"PAA":0,"Centroid":0,"Orientation":[0,0,0],"Position":[[3.67933282566522,1.3166597203455,1.6],[3.68933282566522,1.3156597203455,1.6],[3.69933282566522,1.3146597203455,1.6],[3.68933282566522,1.3136597203455,1.6],[3.68933282566522,1.3136597203455,1.6]]}
