{"TX":0,"RX":1,"PAA_TX":0,"PAA_RX":0,"Delay":[[2.66969E-8,4.49547741E-8,9.05694648E-8,3.436379E-8,2.9841285E-8,3.85302066E-8,2.72733498E-8,1.14492821E-7,4.68904E-8,5.28468E-8,4.52994797E-8,1.42848634E-7,9.47347942E-8,9.07410609E-8,4.98906552E-8,9.31180679E-8,3.68598414E-8,4.67631835E-8,3.4813521E-8,9.15456511E-8,4.07719831E-8,3.1507529E-8,9.01528807E-8,3.51101761E-8,3.89318373E-8]],"Gain":[[-86.0764389,-97.502739,-103.586861,-98.9692459,-96.3135757,-100.063248,-95.9319916,-112.522789,-107.138901,-109.707596,-107.23909,-114.444748,-114.777412,-113.2733,-109.107605,-114.527901,-108.848289,-112.445305,-108.752182,-112.949974,-109.824463,-106.455513,-118.146812,-107.395882,-109.823318]],"Phase":[[0,3.14159274,3.14159274,3.14159274,3.14159274,3.14159274,3.14159274,6.28318548,6.28318548,6.28318548,6.28318548,6.28318548,6.28318548,6.28318548,6.28318548,6.28318548,6.28318548,6.28318548,6.28318548,6.28318548,6.28318548,6.28318548,6.28318548,6.28318548,6.28318548]],"AODEL":[[96.4521,93.8264084,91.8982,95.0083618,117.256744,94.4656219,76.5723724,91.5014648,106.945374,93.2543106,81.9631348,91.2033691,91.8147125,85.9977493,93.4473572,91.8462296,111.763351,93.6782227,79.5182877,98.5856705,109.584549,57.3467484,91.9069748,130.925766,80.6376572]],"AODAZ":[[212.881989,240.22023,104.247429,204.879852,212.881989,337.980103,212.881989,101.223984,240.22023,312.449829,240.22023,261.025879,67.9081726,104.247429,231.420471,109.49231,204.879852,342.024048,204.879852,104.247429,337.980103,212.881989,189.197723,212.881989,337.980103]],"AOAEL":[[83.5479,86.1735916,88.1018,84.9916382,117.256744,85.5343781,76.5723724,88.4985352,106.945374,86.7456894,81.9631348,88.7966309,88.1852875,85.9977493,86.5526428,88.1537704,111.763351,86.3217773,79.5182877,98.5856705,109.584549,122.653252,88.0930252,49.0742264,80.6376572]],"AOAAZ":[[32.8819885,299.779755,75.7525711,155.120148,32.8819885,22.0199032,32.8819885,281.224,299.779755,312.449829,299.779755,81.0258789,67.9081726,75.7525711,231.420471,109.49231,155.120148,162.024048,155.120148,75.7525711,22.0199032,32.8819885,9.19771767,32.8819885,22.0199032]]}
{"TX":0,"RX":2,"PAA_TX":0,"PAA_RX":0,"Delay":[[2.66969E-8,4.49547741E-8,9.05694648E-8,3.436379E-8,2.9841285E-8,3.85302066E-8,2.72733498E-8,1.14492821E-7,4.68904E-8,5.28468E-8,4.52994797E-8,1.42848634E-7,9.47347942E-8,9.07410609E-8,4.98906552E-8,9.31180679E-8,3.68598414E-8,4.67631835E-8,3.4813521E-8,9.15456511E-8,4.07719831E-8,3.1507529E-8,9.01528807E-8,3.51101761E-8,3.89318373E-8]],"Gain":[[-86.0764389,-97.502739,-103.586861,-98.9692459,-96.3135757,-100.063248,-95.9319916,-112.522789,-107.138901,-109.707596,-107.23909,-114.444748,-114.777412,-113.2733,-109.107605,-114.527901,-108.848289,-112.445305,-108.752182,-112.949974,-109.824463,-106.455513,-118.146812,-107.395882,-109.823318]],"Phase":[[0,3.14159274,3.14159274,3.14159274,3.14159274,3.14159274,3.14159274,6.28318548,6.28318548,6.28318548,6.28318548,6.28318548,6.28318548,6.28318548,6.28318548,6.28318548,6.28318548,6.28318548,6.28318548,6.28318548,6.28318548,6.28318548,6.28318548,6.28318548,6.28318548]],"AODEL":[[96.4521,93.8264084,91.8982,95.0083618,117.256744,94.4656219,76.5723724,91.5014648,106.945374,93.2543106,81.9631348,91.2033691,91.8147125,85.9977493,93.4473572,91.8462296,111.763351,93.6782227,79.5182877,98.5856705,109.584549,57.3467484,91.9069748,130.925766,80.6376572]],"AODAZ":[[212.881989,240.22023,104.247429,204.879852,212.881989,337.980103,212.881989,101.223984,240.22023,312.449829,240.22023,261.025879,67.9081726,104.247429,231.420471,109.49231,204.879852,342.024048,204.879852,104.247429,337.980103,212.881989,189.197723,212.881989,337.980103]],"AOAEL":[[83.5479,86.1735916,88.1018,84.9916382,117.256744,85.5343781,76.5723724,88.4985352,106.945374,86.7456894,81.9631348,88.7966309,88.1852875,85.9977493,86.5526428,88.1537704,111.763351,86.3217773,79.5182877,98.5856705,109.584549,122.653252,88.0930252,49.0742264,80.6376572]],"AOAAZ":[[32.8819885,299.779755,75.7525711,155.120148,32.8819885,22.0199032,32.8819885,281.224,299.779755,312.449829,299.779755,81.0258789,67.9081726,75.7525711,231.420471,109.49231,155.120148,162.024048,155.120148,75.7525711,22.0199032,32.8819885,9.19771767,32.8819885,22.0199032]]}
{"TX":1,"RX":0,"PAA_TX":0,"PAA_RX":0,"Delay":[[2.66969E-8,4.49547741E-8,9.05694648E-8,3.436379E-8,2.9841285E-8,3.85302066E-8,2.72733498E-8,1.14492821E-7,4.68904E-8,5.28468E-8,4.52994797E-8,1.42848634E-7,9.47347942E-8,9.07410609E-8,4.98906552E-8,9.31180679E-8,3.68598414E-8,4.67631835E-8,3.4813521E-8,9.15456511E-8,4.07719831E-8,3.1507529E-8,9.01528807E-8,3.51101761E-8,3.89318373E-8]],"Gain":[[-86.0764389,-97.502739,-103.586861,-98.9692459,-96.3135757,-100.063248,-95.9319916,-112.522789,-107.138901,-109.707596,-107.23909,-114.444748,-114.777412,-113.2733,-109.107605,-114.527901,-108.848289,-112.445305,-108.752182,-112.949974,-109.824463,-106.455513,-118.146812,-107.395882,-109.823318]],"Phase":[[0,3.14159274,3.14159274,3.14159274,3.14159274,3.14159274,3.14159274,6.28318548,6.28318548,6.28318548,6.28318548,6.28318548,6.28318548,6.28318548,6.28318548,6.28318548,6.28318548,6.28318548,6.28318548,6.28318548,6.28318548,6.28318548,6.28318548,6.28318548,6.28318548]],"AODEL":[[83.5479,86.1735916,88.1018,84.9916382,117.256744,85.5343781,76.5723724,88.4985352,106.945374,86.7456894,81.9631348,88.7966309,88.1852875,85.9977493,86.5526428,88.1537704,111.763351,86.3217773,79.5182877,98.5856705,109.584549,122.653252,88.0930252,49.0742264,80.6376572]],"AODAZ":[[32.8819885,299.779755,75.7525711,155.120148,32.8819885,22.0199032,32.8819885,281.224,299.779755,312.449829,299.779755,81.0258789,67.9081726,75.7525711,231.420471,109.49231,155.120148,162.024048,155.120148,75.7525711,22.0199032,32.8819885,9.19771767,32.8819885,22.0199032]],"AOAEL":[[96.4521,93.8264084,91.8982,95.0083618,117.256744,94.4656219,76.5723724,91.5014648,106.945374,93.2543106,81.9631348,91.2033691,91.8147125,85.9977493,93.4473572,91.8462296,111.763351,93.6782227,79.5182877,98.5856705,109.584549,57.3467484,91.9069748,130.925766,80.6376572]],"AOAAZ":[[212.881989,240.22023,104.247429,204.879852,212.881989,337.980103,212.881989,101.223984,240.22023,312.449829,240.22023,261.025879,67.9081726,104.247429,231.420471,109.49231,204.879852,342.024048,204.879852,104.247429,337.980103,212.881989,189.197723,212.881989,337.980103]]}
{"TX":1,"RX":2,"PAA_TX":0,"PAA_RX":0,"Delay":[[0,2.45288856E-8,1.02137783E-7,8.77773143E-9,1.06666667E-8,5.78889363E-8,9.33333322E-9,1.26666663E-7,1.26666663E-7,6.66666651E-8,2E-8,6.66666651E-8,2E-8]],"Gain":[[,-92.2407761,-104.630951,-87.1148682,-87.3778,-103.599136,-86.6179581,-113.400467,-113.400467,-115.525398,-102.50782,-115.525398,-102.50782]],"Phase":[[,3.14159274,3.14159274,3.14159274,3.14159274,3.14159274,3.14159274,6.28318548,6.28318548,6.28318548,6.28318548,6.28318548,6.28318548]],"AODEL":[[,90,90,90,180,90,0,90,90,90,0,90,180]],"AODAZ":[[0,270,90,180,0,0,0,90,270,0,0,180,0]],"AOAEL":[[,90,90,90,180,90,0,90,90,90,180,90,0]],"AOAAZ":[[0,270,90,180,0,0,0,270,90,180,0,0,0]]}
{"TX":2,"RX":0,"PAA_TX":0,"PAA_RX":0,"Delay":[[2.66969E-8,4.49547741E-8,9.05694648E-8,3.436379E-8,2.9841285E-8,3.85302066E-8,2.72733498E-8,1.14492821E-7,4.68904E-8,5.28468E-8,4.52994797E-8,1.42848634E-7,9.47347942E-8,9.07410609E-8,4.98906552E-8,9.31180679E-8,3.68598414E-8,4.67631835E-8,3.4813521E-8,9.15456511E-8,4.07719831E-8,3.1507529E-8,9.01528807E-8,3.51101761E-8,3.89318373E-8]],"Gain":[[-86.0764389,-97.502739,-103.586861,-98.9692459,-96.3135757,-100.063248,-95.9319916,-112.522789,-107.138901,-109.707596,-107.23909,-114.444748,-114.777412,-113.2733,-109.107605,-114.527901,-108.848289,-112.445305,-108.752182,-112.949974,-109.824463,-106.455513,-118.146812,-107.395882,-109.823318]],"Phase":[[0,3.14159274,3.14159274,3.14159274,3.14159274,3.14159274,3.14159274,6.28318548,6.28318548,6.28318548,6.28318548,6.28318548,6.28318548,6.28318548,6.28318548,6.28318548,6.28318548,6.28318548,6.28318548,6.28318548,6.28318548,6.28318548,6.28318548,6.28318548,6.28318548]],