{"Node":0,"Position":[[8,8,2.5],[7.9,7.9,2.5],[7.8,7.8,2.5],[7.7,7.7,2.5]],"Rotation":[[0,0,0],[0,0,0],[0,0,0],[0,0,0]]}
{"Node":1,"Position":[[1.3166597203455,3.67933282566522,1.6],[1.3156597203455,3.68933282566522,1.6],[1.3146597203455,3.69933282566522,1.6],[1.3136597203455,3.68933282566522,1.6]],"Rotation":[[0,0,0],[0,0,0],[0,0,0],[0,0,0]]}
{"Node":2,"Position":[[1.3166597203455,3.67933282566522,1.6],[1.3156597203455,3.68933282566522,1.6],[1.3146597203455,3.69933282566522,1.6],[1.3136597203455,3.68933282566522,1.6]],"Rotation":[[0,0,0],[0,0,0],[0,0,0],[0,0,0]]}
