{"TX":0,"RX":1,"PAA_TX":0,"PAA_RX":0,"Delay":[[2.06115587E-8,3.24196606E-7,1.76945022E-7,5.81325537E-7,2.11647695E-8,1.72664329E-7,5.80492E-7,9.50407461E-11,1.71183544E-7,5.79739E-7,-7.74774911E-9,5.75546835E-7,-1.05688782E-8,1.7748998E-7,5.82255154E-7,2.4365244E-8,1.78840466E-7,5.83081714E-7,2.44124863E-8,1.86727405E-7,5.91115736E-7,2.86644219E-8,2.00531346E-7,5.91127332E-7,3.06053387E-8,2.069403E-7,5.93343714E-7,3.14279376E-8,2.08662684E-7,6.03725937E-7,3.7395079E-8,2.14557517E-7,6.06487561E-7,3.79956333E-8,2.16368079E-7,6.09821484E-7,3.88592838E-8,2.17448658E-7,6.10981886E-7,4.15017816E-8,2.1783616E-7,6.15509236E-7,8.97824E-8,2.19434156E-7,6.16066075E-7,9.42480511E-8,2.20632458E-7,6.16587954E-7,9.50484704E-8,6.16688055E-7,9.59644453E-8,6.17797809E-7,1.01838509E-7,6.18840829E-7,1.31119918E-7,6.19257E-7,1.31367713E-7]],"Gain":[[-77.2095718,-95.208992,-89.6002197,-95.7998657,-57.4041176,-105.151428,-115.751602,-65.3989334,-104.838181,-112.307358,-73.8041306,-111.201439,-73.9526596,-92.3332596,-99.2967758,-61.7769852,-95.6025696,-101.601494,-57.8642044,-91.464325,-102.367622,-58.2122345,-92.3261795,-104.071663,-63.1575966,-90.8328781,-100.891876,-63.3063545,-97.0046387,-101.299828,-63.5035324,-94.4765244,-100.163498,-61.945694,-92.4938354,-108.597267,-62.5049,-96.4847107,-100.420006,-61.4207649,-95.2357712,-100.648682,-73.3584671,-91.5910416,-106.83506,-74.8357773,-91.1852,-104.296371,-76.1987915,-106.856377,-76.8306656,-103.943207,-75.6928101,-104.55854,-84.2087708,-106.150612,-80.5422821]],"Phase":[[0,3.14159274,3.14159274,3.14159274,3.14159274,1.46276867,4.56774521,2.42503119,6.18046045,2.37051034,3.29008436,1.02465129,2.55780625,0.693712652,4.30743408,4.46572161,3.4834404,3.5315361,3.56249881,1.69791102,1.16895032,3.85750604,3.93657947,1.12826931,0.660272062,0.683938444,5.24978304,5.2429986,4.9847064,2.73560381,4.14232302,1.47165489,4.74978399,1.98489213,4.93209839,3.92348647,4.01670408,0.576290667,4.7364974,4.72671318,0.545086145,2.15648985,0.570140064,4.34788609,4.05611,2.54350352,3.15824,0.392903239,3.7391293,6.18004751,1.57557011,6.18241739,1.74773538,4.88533688,1.71459031,1.18712759,5.38476038]],"AODEL":[[98.3690948,90.5302048,90.9714661,90.2956848,105.529861,91.2992249,91.1594,105.674065,88.7773,65.14431,80.4602356,85.5713043,72.7805405,92.7944336,88.8297119,108.507889,90.6654053,90.9718475,110.856224,91.6221542,89.9720078,107.827682,84.1487,89.8071213,102.41288,88.6231766,90.7136459,105.184341,90.1439667,90.2300339,105.973831,96.6733475,91.1049957,110.630554,87.6021118,89.5280151,109.191948,91.6979446,90.4865417,105.268036,90.9872284,88.227,104.423256,90.7552338,90.3197784,105.001823,92.4393768,89.9714279,105.451363,90.704422,105.415726,92.244957,106.773308,91.6925278,108.658028,91.8884354,102.348755]],"AODAZ":[[280.487976,104.037758,285.010071,12.9171772,280.487976,285.592651,13.9376221,276.352692,283.767975,27.2635078,276.183929,12.8565521,279.843567,300.465668,13.5051088,289.028564,274.567841,14.1428957,281.331024,289.009,11.8549871,274.318,276.955902,4.09270954,280.090668,286.211853,20.594635,285.316193,278.732452,16.5480595,282.563812,283.08963,21.5347691,280.23877,284.912842,17.5058937,279.638947,285.94931,13.4236164,278.533051,281.707184,13.5339308,278.276428,258.350067,12.8404503,281.489502,296.76236,14.9205484,282.550537,12.837326,283.134979,7.6492548,279.125671,12.6387672,288.060272,8.82806873,281.45578]],"AOAEL":[[81.6309052,89.4697952,89.0285339,89.7043152,105.529861,89.0534,104.595909,94.3799286,89.2613525,89.6801834,79.6586533,90.0253067,70.9436722,88.6198425,89.4580383,102.547852,82.1835251,86.2027588,86.7527695,88.9029388,79.1010361,102.98027,84.943924,87.425,103.33709,87.8656693,93.9354,108.971436,88.7458115,87.9550095,103.508354,90.7133789,90.0628891,95.0747528,90.4913177,88.6472244,101.891586,91.2522583,83.537674,104.89019,92.099,84.543808,113.296585,85.8475876,88.3949356,111.114449,89.9702454,89.8004,111.080338,82.1596832,115.00898,92.9097824,109.184593,90.7024918,105.778069,89.57901,105.197693]],"AOAAZ":[[100.487991,103.617828,286.186584,16.9257278,100.487991,297.30072,8.45198727,111.178421,295.232666,20.5871315,85.5834656,17.5276051,96.9041,290.6651,14.4497089,93.6023712,285.820587,13.8060675,118.156494,285.451172,6.80718708,102.513039,285.972839,21.4894657,88.6398544,287.641876,12.0115051,98.4759827,279.922974,16.3193569,114.709946,286.615,15.0473013,95.4322357,286.085602,21.0362453,112.624214,286.047028,12.8716249,110.999184,285.075073,22.8397579,100.167534,284.336273,21.3969784,112.578316,289.955475,21.498003,125.686546,21.6218967,104.898956,17.1941738,99.5713654,25.8788548,114.41597,14.502636,103.371368]]}
{"TX":1,"RX":0,"PAA_TX":0,"PAA_RX":0,"Delay":[[2.06115587E-8,3.24196606E-7,1.76945022E-7,5.81325537E-7,2.11647695E-8,1.72664329E-7,5.80492E-7,9.50407461E-11,1.71183544E-7,5.79739E-7,-7.74774911E-9,5.75546835E-7,-1.05688782E-8,1.7748998E-7,5.82255154E-7,2.4365244E-8,1.78840466E-7,5.83081714E-7,2.44124863E-8,1.86727405E-7,5.91115736E-7,2.86644219E-8,2.00531346E-7,5.91127332E-7,3.06053387E-8,2.069403E-7,5.93343714E-7,3.14279376E-8,2.08662684E-7,6.03725937E-7,3.7395079E-8,2.14557517E-7,6.06487561E-7,3.79956333E-8,2.16368079E-7,6.09821484E-7,3.88592838E-8,2.17448658E-7,6.10981886E-7,4.15017816E-8,2.1783616E-7,6.15509236E-7,8.97824E-8,2.19434156E-7,6.16066075E-7,9.42480511E-8,2.20632458E-7,6.16587954E-7,9.50484704E-8,6.16688055E-7,9.59644453E-8,6.17797809E-7,1.01838509E-7,6.18840829E-7,1.31119918E-7,6.19257E-7,1.31367713E-7]],"Gain":[[-77.2095718,-95.208992,-89.6002197,-95.7998657,-57.4041176,-105.151428,-115.751602,-65.3989334,-104.838181,-112.307358,-73.8041306,-111.201439,-73.9526596,-92.3332596,-99.2967758,-61.7769852,-95.6025696,-101.601494,-57.8642044,-91.464325,-102.367622,-58.2122345,-92.3261795,-104.071663,-63.1575966,-90.8328781,-100.891876,-63.3063545,-97.0046387,-101.299828,-63.5035324,-94.4765244,-100.163498,-61.945694,-92.4938354,-108.597267,-62.5049,-96.4847107,-100.420006,-61.4207649,-95.2357712,-100.648682,-73.3584671,-91.5910416,-106.83506,-74.8357773,-91.1852,-104.296371,-76.1987915,-106.856377,-76.8306656,-103.943207,-75.6928101,-104.55854,-84.2087708,-106.150612,-80.5422821]],"Phase":[[0,3.14159274,3.14159274,3.14159274,3.14159274,1.46276867,4.56774521,2.42503119,6.18046045,2.37051034,3.29008436,1.02465129,2.55780625,0.693712652,4.30743408,4.46572161,3.4834404,3.5315361,3.56249881,1.69791102,1.16895032,3.85750604,3.93657947,1.12826931,0.660272062,0.683938444,5.24978304,5.2429986,4.9847064,2.73560381,4.14232302,1.47165489,4.74978399,1.98489213,4.93209839,3.92348647,4.01670408,0.576290667,4.7364974,4.72671318,0.545086145,2.15648985,0.570140064,4.34788609,4.05611,2.54350352,3.15824,0.392903239,3.7391293,6.18004751,1.57557011,6.18241739,1.74773538,4.88533688,1.71459031,1.18712759,5.38476038]],"AODEL":[[81.6309052,89.4697952,89.0285339,89.7043152,105.529861,89.0534,104.595909,94.3799286,89.2613525,89.6801834,79.6586533,90.0253067,70.9436722,88.6198425,89.4580383,102.547852,82.1835251,86.2027588,86.7527695,88.9029388,79.1010361,102.98027,84.943924,87.425,103.33709,87.8656693,93.9354,108.971436,88.7458115,87.9550095,103.508354,90.7133789,90.0628891,95.0747528,90.4913177,88.6472244,101.891586,91.2522583,83.537674,104.89019,92.099,84.543808,113.296585,85.8475876,88.3949356,111.114449,89.9702454,89.8004,111.080338,82.1596832,115.00898,92.9097824,109.184593,90.7024918,105.778069,89.57901,105.197693]],