{"TX":0,"RX":1,"PAA_TX":0,"PAA_RX":0,"Delay":[[1.37971412E-8,1.40063285E-8,1.59592108E-8,3.42854563E-8,3.74352318E-8,1.68432308E-8]],"Gain":[[-80.343,-90.4737091,-91.6074524,-98.2494202,-99.0128326,-92.0757294]],"Phase":[[0,3.14159274,3.14159274,3.14159274,3.14159274,3.14159274]],"AODEL":[[91.3843765,91.3637,91.1968,90.5570526,90.5101852,54.9759674]],"AODAZ":[[313.531189,314.425171,53.459034,286.087097,195.494064,313.531189]],"AOAEL":[[88.6156235,88.6363,88.8032,89.4429474,89.4898148,54.9759674]],"AOAAZ":[[133.531204,45.5748291,126.54097,253.912888,164.505936,133.531204]]}
{"TX":1,"RX":0,"PAA_TX":0,"PAA_RX":0,"Delay":[[1.37971412E-8,1.40063285E-8,1.59592108E-8,3.42854563E-8,3.74352318E-8,1.68432308E-8]],"Gain":[[-80.343,-90.4737091,-91.6074524,-98.2494202,-99.0128326,-92.0757294]],"Phase":[[0,3.14159274,3.14159274,3.14159274,3.14159274,3.14159274]],"AODEL":[[88.6156235,88.6363,88.8032,89.4429474,89.4898148,54.9759674]],"AODAZ":[[133.531204,45.5748291,126.54097,253.912888,164.505936,133.531204]],"AOAEL":[[91.3843765,91.3637,91.1968,90.5570526,90.5101852,54.9759674]],"AOAAZ":[[313.531189,314.425171,53.459034,286.087097,195.494064,313.531189]]}
