{"TX":0,"PAA_TX":0,"RX":1,"PAA_RX":0,"Rorder":0,"MPC":[[2,3,2.5,7,15,1.6]]}
{"TX":0,"PAA_TX":0,"RX":1,"PAA_RX":0,"Rorder":1,"MPC":[[[7,15,1.6,2.8126729510225204,0.11020000000000074,2.3537188688159465,2,3,2.5],[7,15,1.6,5.0487804878048781,10.317073170731707,0,2,3,2.5],[7,15,1.6,9.9036,11.77592715967133,1.8418054630246503,2,3,2.5],[7,15,1.6,6.0173432331549614,18.8857,1.776878218032107,2,3,2.5],[7,15,1.6,3.3031914893617018,6.1276595744680851,2.99,2,3,2.5]]]}
{"TX":0,"PAA_TX":0,"RX":1,"PAA_RX":0,"Rorder":2,"MPC":[[[7,15,1.6,5.4975277996407748,0.11020000000000074,1.8704449960646607,3.6029646223083289,18.8857,2.2114663679845008,2,3,2.5],[7,15,1.6,0.10179999999999989,1.0571100995861951,2.305786458096494,0.57028073072510121,0.11020000000000074,2.3537188688159465,2,3,2.5],[7,15,1.6,0.098900000000000432,11.633965515839789,1.8524525863120158,9.9001999999999981,6.8533488330501644,2.2109988375212377,2,3,2.5],[7,15,1.6,5.0487804878048781,8.0616195121951222,0,2.8126729510225204,0.11020000000000074,1.8336081801615332,2,3,2.5],[7,15,1.6,5.4251968503937009,11.220472440944881,0,2.4822834645669296,4.15748031496063,2.99,2,3,2.5],[7,15,1.6,9.9036,12.869621042591437,1.7597784218056423,-0.77410000000000068,5.0353644667816138,2.3473476649913789,2,3,2.5],[7,15,1.6,9.9036,11.77592715967133,0.49844177955437141,8.5897560975609757,10.317073170731707,0,2,3,2.5],[7,15,1.6,9.9036,11.77592715967133,2.1051047449848252,4.8167702127659577,6.1276595744680851,2.99,2,3,2.5],[7,15,1.6,6.0173432331549614,18.8857,0.79422145118706833,5.0487804878048781,15.055731707317072,0,2,3,2.5],[7,15,1.6,6.2396188016124619,18.8857,1.736868615709757,2.5654964580642634,0.11019999999999897,2.3982106375484324,2,3,2.5],[7,15,1.6,5.2707992342474483,18.8857,1.776878218032107,0.10069999999999979,7.2679312640647371,2.3057225013070264,2,3,2.5],[7,15,1.6,9.122931679092023,18.8857,1.7768782180321072,9.901,17.461565580448067,1.841705239770413,2,3,2.5],[7,15,1.6,6.0173432331549614,18.8857,1.9694789443337348,3.3031914893617018,8.15318404255319,2.99,2,3,2.5],[7,15,1.6,3.3031914893617023,1.8544446808510635,2.99,2.8126729510225204,0.11020000000000074,2.8055650295844679,2,3,2.5],[7,15,1.6,5.9898255813953485,12.575581395348836,2.99,3.816860465116279,7.3604651162790695,0,2,3,2.5]]]}
