{"TX":0,"PAA_TX":0,"RX":1,"PAA_RX":0,"Rorder":0,"MPC":[[1,7.5,5.5,0.4503,14.53,1.541]]}
{"TX":0,"PAA_TX":0,"RX":1,"PAA_RX":0,"Rorder":1,"MPC":[[[0.4503,14.53,1.541,0.47979807242990657,14.9526,1.7534483695652177,1,7.5,5.5],[0.4503,14.53,1.541,20.023,10.964937544856033,3.5486930668442338,1,7.5,5.5],[0.4503,14.53,1.541,0.81306338313981,0.025800000000002044,4.153661877115713,1,7.5,5.5],[0.4503,14.53,1.541,0,12.34727297800455,2.7702199544921742,1,7.5,5.5],[0.4503,14.53,1.541,0.57060786820053966,12.991407470529754,0,1,7.5,5.5],[0.4503,14.53,1.541,0.94457551925791494,8.2088122605363978,6,1,7.5,5.5]]]}
{"TX":0,"PAA_TX":0,"RX":1,"PAA_RX":0,"Rorder":2,"MPC":[[[0.4503,14.53,1.541,2.5214274405729422,14.9526,1.7534483695652177,20.023,11.381518656223362,3.5486930668442338,1,7.5,5.5],[0.4503,14.53,1.541,0.46047820238700293,14.9526,1.6143045356560755,0.81998599081652324,0.025800000000000267,4.203519260765173,1,7.5,5.5],[0.4503,14.53,1.541,0.37247381399837448,14.9526,1.7534483695652179,0,12.930048955388541,2.7702199544921742,1,7.5,5.5],[0.4503,14.53,1.541,0.47979807242990657,14.9526,1.1631649481917912,0.57060786820053966,13.651626189461725,0,1,7.5,5.5],[0.4503,14.53,1.541,0.47979807242990657,14.9526,1.8071104987809838,0.94457551925791494,8.2940310546481157,6,1,7.5,5.5],[0.4503,14.53,1.541,20.023,11.140574987006012,3.4497814546860877,0,7.6731710501358519,5.4024773559761252,1,7.5,5.5],[0.4503,14.53,1.541,20.023,10.964937544856033,4.05581432646642,4.8914801371244181,8.2088122605363978,6,1,7.5,5.5],[0.4503,14.53,1.541,20.023,3.3842861075197508,3.5486930668442338,14.125249378480692,0.025800000000002044,4.153661877115713,1,7.5,5.5],[0.4503,14.53,1.541,0.66646541606567689,0.025800000000000267,3.0978471570020281,0.8889291115834681,14.9526,4.7000552169527925,1,7.5,5.5],[0.4503,14.53,1.541,0.81306338313981,0.025800000000000267,4.8135916263240262,0.94457551925791494,5.2839887074006864,6,1,7.5,5.5],[0.4503,14.53,1.541,0,7.7059818520306154,2.7702199544921737,0.50679611527681723,0.025800000000002044,4.153661877115713,1,7.5,5.5],[0.4503,14.53,1.541,0,14.449850492324597,1.5861368280066739,20.023,10.885929568086125,3.5931870327093929,1,7.5,5.5],[0.4503,14.53,1.541,0,12.34727297800455,3.0807074398400331,0.85377092155676548,8.2088122605363978,6,1,7.5,5.5],[0.4503,14.53,1.541,0.57060786820053966,9.7197863371680171,0,0.81306338313981,0.025800000000002044,3.1055653641757366,1,7.5,5.5],[0.4503,14.53,1.541,0.13288595369975859,12.991407470529754,0,0,12.34727297800455,0.64514238433427584,1,7.5,5.5],[0.4503,14.53,1.541,0.55564606392239768,13.18275090162915,0,0.96581892799403057,7.9371346847407045,6,1,7.5,5.5],[0.4503,14.53,1.541,0.60388808822607931,12.56579359608998,6,0.8105551726298641,9.9227708503039036,0,1,7.5,5.5]]]}
