{"TX":0,"PAA_TX":0,"RX":1,"PAA_RX":0,"Rorder":0,"MPC":[[0,3,1.6,2.85,0,1.5]]}
{"TX":0,"PAA_TX":0,"RX":1,"PAA_RX":0,"Rorder":1,"MPC":[[[2.85,0,1.5,2.8952,0.046116174670112815,1.5015372058223371,0,3,1.6],[2.85,0,1.5,0.31339773259139836,3.4229,1.5890035883301263,0,3,1.6],[2.85,0,1.5,1.8575872257751156,-3.4411999999999994,1.5348215008499959,0,3,1.6],[2.85,0,1.5,-3.9860000000000007,1.8950286453520606,1.5631676215117354,0,3,1.6],[2.85,0,1.5,1.3758620689655172,1.5517241379310347,3,0,3,1.6]]]}
